coco_id,file_name,license,file_path_coco_dataset
605,000000000605_MEG_size.jpg,Attribution-NonCommercial-NoDerivs License,/scratch/data/coco/coco-2017/train/data/000000000605.jpg
625,000000000625_MEG_size.jpg,Attribution-NonCommercial-ShareAlike License,/scratch/data/coco/coco-2017/train/data/000000000625.jpg
650,000000000650_MEG_size.jpg,Attribution-NonCommercial-ShareAlike License,/scratch/data/coco/coco-2017/train/data/000000000650.jpg
1308,000000001308_MEG_size.jpg,Attribution-NonCommercial License,/scratch/data/coco/coco-2017/train/data/000000001308.jpg
1625,000000001625_MEG_size.jpg,Attribution-ShareAlike License,/scratch/data/coco/coco-2017/train/data/000000001625.jpg
1877,000000001877_MEG_size.jpg,Attribution-NoDerivs License,/scratch/data/coco/coco-2017/train/data/000000001877.jpg
2270,000000002270_MEG_size.jpg,Attribution License,/scratch/data/coco/coco-2017/train/data/000000002270.jpg
3521,000000003521_MEG_size.jpg,Attribution-NonCommercial License,/scratch/data/coco/coco-2017/train/data/000000003521.jpg
5684,000000005684_MEG_size.jpg,Attribution-NonCommercial-ShareAlike License,/scratch/data/coco/coco-2017/train/data/000000005684.jpg
6053,000000006053_MEG_size.jpg,Attribution-ShareAlike License,/scratch/data/coco/coco-2017/train/data/000000006053.jpg
6178,000000006178_MEG_size.jpg,Attribution-NonCommercial-ShareAlike License,/scratch/data/coco/coco-2017/train/data/000000006178.jpg
6765,000000006765_MEG_size.jpg,Attribution-NonCommercial-ShareAlike License,/scratch/data/coco/coco-2017/train/data/000000006765.jpg
7048,000000007048_MEG_size.jpg,Attribution-NonCommercial-NoDerivs License,/scratch/data/coco/coco-2017/train/data/000000007048.jpg
7567,000000007567_MEG_size.jpg,Attribution-ShareAlike License,/scratch/data/coco/coco-2017/train/data/000000007567.jpg
7932,000000007932_MEG_size.jpg,Attribution-NonCommercial-ShareAlike License,/scratch/data/coco/coco-2017/train/data/000000007932.jpg
8027,000000008027_MEG_size.jpg,Attribution-NonCommercial-NoDerivs License,/scratch/data/coco/coco-2017/train/data/000000008027.jpg
8053,000000008053_MEG_size.jpg,Attribution-NonCommercial-NoDerivs License,/scratch/data/coco/coco-2017/train/data/000000008053.jpg
8998,000000008998_MEG_size.jpg,Attribution-NonCommercial-ShareAlike License,/scratch/data/coco/coco-2017/train/data/000000008998.jpg
9199,000000009199_MEG_size.jpg,Attribution-NonCommercial-ShareAlike License,/scratch/data/coco/coco-2017/train/data/000000009199.jpg
9987,000000009987_MEG_size.jpg,Attribution-NonCommercial-ShareAlike License,/scratch/data/coco/coco-2017/train/data/000000009987.jpg
10046,000000010046_MEG_size.jpg,Attribution-NonCommercial-ShareAlike License,/scratch/data/coco/coco-2017/train/data/000000010046.jpg
10743,000000010743_MEG_size.jpg,Attribution-NonCommercial-NoDerivs License,/scratch/data/coco/coco-2017/train/data/000000010743.jpg
10903,000000010903_MEG_size.jpg,Attribution-NonCommercial License,/scratch/data/coco/coco-2017/train/data/000000010903.jpg
11373,000000011373_MEG_size.jpg,Attribution-NonCommercial-ShareAlike License,/scratch/data/coco/coco-2017/train/data/000000011373.jpg
11856,000000011856_MEG_size.jpg,Attribution-ShareAlike License,/scratch/data/coco/coco-2017/train/data/000000011856.jpg
14269,000000014269_MEG_size.jpg,Attribution License,/scratch/data/coco/coco-2017/train/data/000000014269.jpg
16898,000000016898_MEG_size.jpg,Attribution-NoDerivs License,/scratch/data/coco/coco-2017/train/data/000000016898.jpg
17935,000000017935_MEG_size.jpg,Attribution-NonCommercial-ShareAlike License,/scratch/data/coco/coco-2017/train/data/000000017935.jpg
17967,000000017967_MEG_size.jpg,Attribution License,/scratch/data/coco/coco-2017/train/data/000000017967.jpg
18078,000000018078_MEG_size.jpg,Attribution-NonCommercial-NoDerivs License,/scratch/data/coco/coco-2017/train/data/000000018078.jpg
18367,000000018367_MEG_size.jpg,Attribution-NonCommercial-ShareAlike License,/scratch/data/coco/coco-2017/train/data/000000018367.jpg
19863,000000019863_MEG_size.jpg,Attribution-NonCommercial License,/scratch/data/coco/coco-2017/train/data/000000019863.jpg
20517,000000020517_MEG_size.jpg,Attribution-NonCommercial License,/scratch/data/coco/coco-2017/train/data/000000020517.jpg
21718,000000021718_MEG_size.jpg,Attribution-NonCommercial-ShareAlike License,/scratch/data/coco/coco-2017/train/data/000000021718.jpg
21826,000000021826_MEG_size.jpg,Attribution-NonCommercial License,/scratch/data/coco/coco-2017/train/data/000000021826.jpg
22627,000000022627_MEG_size.jpg,Attribution-NonCommercial-ShareAlike License,/scratch/data/coco/coco-2017/train/data/000000022627.jpg
22964,000000022964_MEG_size.jpg,Attribution-NonCommercial License,/scratch/data/coco/coco-2017/train/data/000000022964.jpg
26029,000000026029_MEG_size.jpg,Attribution-NonCommercial-NoDerivs License,/scratch/data/coco/coco-2017/train/data/000000026029.jpg
26702,000000026702_MEG_size.jpg,Attribution-NonCommercial-NoDerivs License,/scratch/data/coco/coco-2017/train/data/000000026702.jpg
26981,000000026981_MEG_size.jpg,Attribution-NonCommercial-NoDerivs License,/scratch/data/coco/coco-2017/train/data/000000026981.jpg
27298,000000027298_MEG_size.jpg,Attribution-NonCommercial-ShareAlike License,/scratch/data/coco/coco-2017/train/data/000000027298.jpg
28367,000000028367_MEG_size.jpg,Attribution-NonCommercial-NoDerivs License,/scratch/data/coco/coco-2017/train/data/000000028367.jpg
29730,000000029730_MEG_size.jpg,Attribution License,/scratch/data/coco/coco-2017/train/data/000000029730.jpg
29732,000000029732_MEG_size.jpg,Attribution-NonCommercial-ShareAlike License,/scratch/data/coco/coco-2017/train/data/000000029732.jpg
30109,000000030109_MEG_size.jpg,Attribution-NonCommercial License,/scratch/data/coco/coco-2017/train/data/000000030109.jpg
30148,000000030148_MEG_size.jpg,Attribution-NonCommercial-NoDerivs License,/scratch/data/coco/coco-2017/train/data/000000030148.jpg
32134,000000032134_MEG_size.jpg,Attribution-NonCommercial License,/scratch/data/coco/coco-2017/train/data/000000032134.jpg
32275,000000032275_MEG_size.jpg,Attribution License,/scratch/data/coco/coco-2017/train/data/000000032275.jpg
32809,000000032809_MEG_size.jpg,Attribution-NonCommercial-NoDerivs License,/scratch/data/coco/coco-2017/train/data/000000032809.jpg
33727,000000033727_MEG_size.jpg,Attribution-NoDerivs License,/scratch/data/coco/coco-2017/train/data/000000033727.jpg
33764,000000033764_MEG_size.jpg,Attribution-NonCommercial-ShareAlike License,/scratch/data/coco/coco-2017/train/data/000000033764.jpg
34961,000000034961_MEG_size.jpg,Attribution-ShareAlike License,/scratch/data/coco/coco-2017/train/data/000000034961.jpg
35927,000000035927_MEG_size.jpg,Attribution-NonCommercial-ShareAlike License,/scratch/data/coco/coco-2017/train/data/000000035927.jpg
36151,000000036151_MEG_size.jpg,Attribution-NonCommercial-ShareAlike License,/scratch/data/coco/coco-2017/train/data/000000036151.jpg
37358,000000037358_MEG_size.jpg,Attribution-NonCommercial-NoDerivs License,/scratch/data/coco/coco-2017/train/data/000000037358.jpg
37779,000000037779_MEG_size.jpg,Attribution-NonCommercial-ShareAlike License,/scratch/data/coco/coco-2017/train/data/000000037779.jpg
37823,000000037823_MEG_size.jpg,Attribution-NonCommercial-ShareAlike License,/scratch/data/coco/coco-2017/train/data/000000037823.jpg
39196,000000039196_MEG_size.jpg,Attribution-NonCommercial-NoDerivs License,/scratch/data/coco/coco-2017/train/data/000000039196.jpg
41606,000000041606_MEG_size.jpg,Attribution-NoDerivs License,/scratch/data/coco/coco-2017/train/data/000000041606.jpg
42578,000000042578_MEG_size.jpg,Attribution License,/scratch/data/coco/coco-2017/train/data/000000042578.jpg
43150,000000043150_MEG_size.jpg,Attribution-NonCommercial-ShareAlike License,/scratch/data/coco/coco-2017/train/data/000000043150.jpg
43176,000000043176_MEG_size.jpg,Attribution-NonCommercial-ShareAlike License,/scratch/data/coco/coco-2017/train/data/000000043176.jpg
43776,000000043776_MEG_size.jpg,Attribution-NonCommercial-ShareAlike License,/scratch/data/coco/coco-2017/train/data/000000043776.jpg
43815,000000043815_MEG_size.jpg,Attribution License,/scratch/data/coco/coco-2017/train/data/000000043815.jpg
43829,000000043829_MEG_size.jpg,Attribution-NonCommercial License,/scratch/data/coco/coco-2017/train/data/000000043829.jpg
47172,000000047172_MEG_size.jpg,Attribution License,/scratch/data/coco/coco-2017/train/data/000000047172.jpg
51774,000000051774_MEG_size.jpg,Attribution-NonCommercial-ShareAlike License,/scratch/data/coco/coco-2017/train/data/000000051774.jpg
53778,000000053778_MEG_size.jpg,Attribution-NonCommercial-NoDerivs License,/scratch/data/coco/coco-2017/train/data/000000053778.jpg
53842,000000053842_MEG_size.jpg,Attribution License,/scratch/data/coco/coco-2017/train/data/000000053842.jpg
54001,000000054001_MEG_size.jpg,Attribution-NonCommercial-ShareAlike License,/scratch/data/coco/coco-2017/train/data/000000054001.jpg
55206,000000055206_MEG_size.jpg,Attribution-NonCommercial License,/scratch/data/coco/coco-2017/train/data/000000055206.jpg
55294,000000055294_MEG_size.jpg,Attribution-NonCommercial-ShareAlike License,/scratch/data/coco/coco-2017/train/data/000000055294.jpg
55514,000000055514_MEG_size.jpg,Attribution License,/scratch/data/coco/coco-2017/train/data/000000055514.jpg
57796,000000057796_MEG_size.jpg,Attribution License,/scratch/data/coco/coco-2017/train/data/000000057796.jpg
58407,000000058407_MEG_size.jpg,Attribution-NonCommercial License,/scratch/data/coco/coco-2017/train/data/000000058407.jpg
59321,000000059321_MEG_size.jpg,Attribution-NonCommercial-NoDerivs License,/scratch/data/coco/coco-2017/train/data/000000059321.jpg
61174,000000061174_MEG_size.jpg,Attribution-NonCommercial License,/scratch/data/coco/coco-2017/train/data/000000061174.jpg
61266,000000061266_MEG_size.jpg,Attribution-NonCommercial-ShareAlike License,/scratch/data/coco/coco-2017/train/data/000000061266.jpg
65029,000000065029_MEG_size.jpg,Attribution-NonCommercial-NoDerivs License,/scratch/data/coco/coco-2017/train/data/000000065029.jpg
65400,000000065400_MEG_size.jpg,Attribution License,/scratch/data/coco/coco-2017/train/data/000000065400.jpg
67347,000000067347_MEG_size.jpg,Attribution-NonCommercial-ShareAlike License,/scratch/data/coco/coco-2017/train/data/000000067347.jpg
67961,000000067961_MEG_size.jpg,Attribution-NonCommercial-ShareAlike License,/scratch/data/coco/coco-2017/train/data/000000067961.jpg
68238,000000068238_MEG_size.jpg,Attribution License,/scratch/data/coco/coco-2017/train/data/000000068238.jpg
68623,000000068623_MEG_size.jpg,Attribution-NonCommercial-ShareAlike License,/scratch/data/coco/coco-2017/train/data/000000068623.jpg
69705,000000069705_MEG_size.jpg,Attribution-NonCommercial-NoDerivs License,/scratch/data/coco/coco-2017/train/data/000000069705.jpg
70421,000000070421_MEG_size.jpg,Attribution-NonCommercial License,/scratch/data/coco/coco-2017/train/data/000000070421.jpg
71429,000000071429_MEG_size.jpg,Attribution-NonCommercial-NoDerivs License,/scratch/data/coco/coco-2017/train/data/000000071429.jpg
71927,000000071927_MEG_size.jpg,Attribution-NonCommercial-ShareAlike License,/scratch/data/coco/coco-2017/train/data/000000071927.jpg
72715,000000072715_MEG_size.jpg,Attribution-NonCommercial-ShareAlike License,/scratch/data/coco/coco-2017/train/data/000000072715.jpg
74390,000000074390_MEG_size.jpg,Attribution License,/scratch/data/coco/coco-2017/train/data/000000074390.jpg
74461,000000074461_MEG_size.jpg,Attribution-NonCommercial-NoDerivs License,/scratch/data/coco/coco-2017/train/data/000000074461.jpg
74714,000000074714_MEG_size.jpg,Attribution License,/scratch/data/coco/coco-2017/train/data/000000074714.jpg
74828,000000074828_MEG_size.jpg,Attribution-NonCommercial License,/scratch/data/coco/coco-2017/train/data/000000074828.jpg
78000,000000078000_MEG_size.jpg,Attribution-NonCommercial-NoDerivs License,/scratch/data/coco/coco-2017/train/data/000000078000.jpg
78042,000000078042_MEG_size.jpg,Attribution-NonCommercial-NoDerivs License,/scratch/data/coco/coco-2017/train/data/000000078042.jpg
79111,000000079111_MEG_size.jpg,Attribution-NonCommercial-ShareAlike License,/scratch/data/coco/coco-2017/train/data/000000079111.jpg
81105,000000081105_MEG_size.jpg,Attribution-NonCommercial-NoDerivs License,/scratch/data/coco/coco-2017/train/data/000000081105.jpg
81365,000000081365_MEG_size.jpg,Attribution License,/scratch/data/coco/coco-2017/train/data/000000081365.jpg
81841,000000081841_MEG_size.jpg,Attribution-NonCommercial-ShareAlike License,/scratch/data/coco/coco-2017/train/data/000000081841.jpg
81961,000000081961_MEG_size.jpg,Attribution-NonCommercial-NoDerivs License,/scratch/data/coco/coco-2017/train/data/000000081961.jpg
82650,000000082650_MEG_size.jpg,Attribution-ShareAlike License,/scratch/data/coco/coco-2017/train/data/000000082650.jpg
82770,000000082770_MEG_size.jpg,Attribution-NonCommercial License,/scratch/data/coco/coco-2017/train/data/000000082770.jpg
83393,000000083393_MEG_size.jpg,Attribution-NonCommercial License,/scratch/data/coco/coco-2017/train/data/000000083393.jpg
83632,000000083632_MEG_size.jpg,Attribution-NoDerivs License,/scratch/data/coco/coco-2017/train/data/000000083632.jpg
83738,000000083738_MEG_size.jpg,Attribution-NonCommercial-ShareAlike License,/scratch/data/coco/coco-2017/train/data/000000083738.jpg
86811,000000086811_MEG_size.jpg,Attribution License,/scratch/data/coco/coco-2017/train/data/000000086811.jpg
87126,000000087126_MEG_size.jpg,Attribution-NonCommercial-NoDerivs License,/scratch/data/coco/coco-2017/train/data/000000087126.jpg
87146,000000087146_MEG_size.jpg,Attribution License,/scratch/data/coco/coco-2017/train/data/000000087146.jpg
88835,000000088835_MEG_size.jpg,Attribution License,/scratch/data/coco/coco-2017/train/data/000000088835.jpg
89908,000000089908_MEG_size.jpg,Attribution-NonCommercial-ShareAlike License,/scratch/data/coco/coco-2017/train/data/000000089908.jpg
90994,000000090994_MEG_size.jpg,Attribution License,/scratch/data/coco/coco-2017/train/data/000000090994.jpg
91005,000000091005_MEG_size.jpg,Attribution-NonCommercial License,/scratch/data/coco/coco-2017/train/data/000000091005.jpg
91784,000000091784_MEG_size.jpg,Attribution-NonCommercial-NoDerivs License,/scratch/data/coco/coco-2017/train/data/000000091784.jpg
92353,000000092353_MEG_size.jpg,Attribution-NonCommercial License,/scratch/data/coco/coco-2017/train/data/000000092353.jpg
97201,000000097201_MEG_size.jpg,Attribution License,/scratch/data/coco/coco-2017/train/data/000000097201.jpg
99363,000000099363_MEG_size.jpg,Attribution License,/scratch/data/coco/coco-2017/train/data/000000099363.jpg
100599,000000100599_MEG_size.jpg,Attribution-ShareAlike License,/scratch/data/coco/coco-2017/train/data/000000100599.jpg
101952,000000101952_MEG_size.jpg,Attribution-NonCommercial License,/scratch/data/coco/coco-2017/train/data/000000101952.jpg
104081,000000104081_MEG_size.jpg,Attribution-ShareAlike License,/scratch/data/coco/coco-2017/train/data/000000104081.jpg
112805,000000112805_MEG_size.jpg,Attribution License,/scratch/data/coco/coco-2017/train/data/000000112805.jpg
113593,000000113593_MEG_size.jpg,Attribution License,/scratch/data/coco/coco-2017/train/data/000000113593.jpg
114077,000000114077_MEG_size.jpg,Attribution-NonCommercial-ShareAlike License,/scratch/data/coco/coco-2017/train/data/000000114077.jpg
114274,000000114274_MEG_size.jpg,Attribution-ShareAlike License,/scratch/data/coco/coco-2017/train/data/000000114274.jpg
115637,000000115637_MEG_size.jpg,Attribution-NonCommercial-ShareAlike License,/scratch/data/coco/coco-2017/train/data/000000115637.jpg
115649,000000115649_MEG_size.jpg,Attribution License,/scratch/data/coco/coco-2017/train/data/000000115649.jpg
116603,000000116603_MEG_size.jpg,Attribution License,/scratch/data/coco/coco-2017/train/data/000000116603.jpg
119550,000000119550_MEG_size.jpg,Attribution-NoDerivs License,/scratch/data/coco/coco-2017/train/data/000000119550.jpg
119669,000000119669_MEG_size.jpg,Attribution License,/scratch/data/coco/coco-2017/train/data/000000119669.jpg
122923,000000122923_MEG_size.jpg,Attribution-NonCommercial-ShareAlike License,/scratch/data/coco/coco-2017/train/data/000000122923.jpg
123891,000000123891_MEG_size.jpg,Attribution License,/scratch/data/coco/coco-2017/train/data/000000123891.jpg
124747,000000124747_MEG_size.jpg,Attribution-NonCommercial-NoDerivs License,/scratch/data/coco/coco-2017/train/data/000000124747.jpg
125042,000000125042_MEG_size.jpg,Attribution-NonCommercial-ShareAlike License,/scratch/data/coco/coco-2017/train/data/000000125042.jpg
130181,000000130181_MEG_size.jpg,Attribution-NonCommercial-NoDerivs License,/scratch/data/coco/coco-2017/train/data/000000130181.jpg
131967,000000131967_MEG_size.jpg,Attribution-ShareAlike License,/scratch/data/coco/coco-2017/train/data/000000131967.jpg
133281,000000133281_MEG_size.jpg,Attribution-NonCommercial-ShareAlike License,/scratch/data/coco/coco-2017/train/data/000000133281.jpg
134562,000000134562_MEG_size.jpg,Attribution-NonCommercial License,/scratch/data/coco/coco-2017/train/data/000000134562.jpg
136111,000000136111_MEG_size.jpg,Attribution License,/scratch/data/coco/coco-2017/train/data/000000136111.jpg
136142,000000136142_MEG_size.jpg,Attribution-NonCommercial License,/scratch/data/coco/coco-2017/train/data/000000136142.jpg
137706,000000137706_MEG_size.jpg,Attribution-NonCommercial License,/scratch/data/coco/coco-2017/train/data/000000137706.jpg
138153,000000138153_MEG_size.jpg,Attribution-NonCommercial License,/scratch/data/coco/coco-2017/train/data/000000138153.jpg
139561,000000139561_MEG_size.jpg,Attribution-NonCommercial-ShareAlike License,/scratch/data/coco/coco-2017/train/data/000000139561.jpg
139815,000000139815_MEG_size.jpg,Attribution-ShareAlike License,/scratch/data/coco/coco-2017/train/data/000000139815.jpg
143420,000000143420_MEG_size.jpg,Attribution-ShareAlike License,/scratch/data/coco/coco-2017/train/data/000000143420.jpg
143594,000000143594_MEG_size.jpg,Attribution-NonCommercial-ShareAlike License,/scratch/data/coco/coco-2017/train/data/000000143594.jpg
147331,000000147331_MEG_size.jpg,Attribution-NonCommercial-NoDerivs License,/scratch/data/coco/coco-2017/train/data/000000147331.jpg
147547,000000147547_MEG_size.jpg,Attribution-ShareAlike License,/scratch/data/coco/coco-2017/train/data/000000147547.jpg
148263,000000148263_MEG_size.jpg,Attribution-NonCommercial-ShareAlike License,/scratch/data/coco/coco-2017/train/data/000000148263.jpg
149791,000000149791_MEG_size.jpg,Attribution-ShareAlike License,/scratch/data/coco/coco-2017/train/data/000000149791.jpg
150559,000000150559_MEG_size.jpg,Attribution-NonCommercial-ShareAlike License,/scratch/data/coco/coco-2017/train/data/000000150559.jpg
151163,000000151163_MEG_size.jpg,Attribution License,/scratch/data/coco/coco-2017/train/data/000000151163.jpg
153394,000000153394_MEG_size.jpg,Attribution-ShareAlike License,/scratch/data/coco/coco-2017/train/data/000000153394.jpg
154011,000000154011_MEG_size.jpg,Attribution License,/scratch/data/coco/coco-2017/train/data/000000154011.jpg
154207,000000154207_MEG_size.jpg,Attribution-NonCommercial-NoDerivs License,/scratch/data/coco/coco-2017/train/data/000000154207.jpg
157181,000000157181_MEG_size.jpg,Attribution License,/scratch/data/coco/coco-2017/train/data/000000157181.jpg
157342,000000157342_MEG_size.jpg,Attribution-NonCommercial-ShareAlike License,/scratch/data/coco/coco-2017/train/data/000000157342.jpg
160142,000000160142_MEG_size.jpg,Attribution-NonCommercial-ShareAlike License,/scratch/data/coco/coco-2017/train/data/000000160142.jpg
161062,000000161062_MEG_size.jpg,Attribution-NonCommercial-NoDerivs License,/scratch/data/coco/coco-2017/train/data/000000161062.jpg
162230,000000162230_MEG_size.jpg,Attribution-NonCommercial-ShareAlike License,/scratch/data/coco/coco-2017/train/data/000000162230.jpg
163250,000000163250_MEG_size.jpg,Attribution License,/scratch/data/coco/coco-2017/train/data/000000163250.jpg
168803,000000168803_MEG_size.jpg,Attribution-NonCommercial-ShareAlike License,/scratch/data/coco/coco-2017/train/data/000000168803.jpg
169262,000000169262_MEG_size.jpg,Attribution License,/scratch/data/coco/coco-2017/train/data/000000169262.jpg
170968,000000170968_MEG_size.jpg,Attribution-NonCommercial-ShareAlike License,/scratch/data/coco/coco-2017/train/data/000000170968.jpg
171328,000000171328_MEG_size.jpg,Attribution-NonCommercial-NoDerivs License,/scratch/data/coco/coco-2017/train/data/000000171328.jpg
173987,000000173987_MEG_size.jpg,Attribution-NonCommercial-NoDerivs License,/scratch/data/coco/coco-2017/train/data/000000173987.jpg
174522,000000174522_MEG_size.jpg,Attribution-ShareAlike License,/scratch/data/coco/coco-2017/train/data/000000174522.jpg
175715,000000175715_MEG_size.jpg,Attribution-NonCommercial License,/scratch/data/coco/coco-2017/train/data/000000175715.jpg
176085,000000176085_MEG_size.jpg,Attribution-NonCommercial-NoDerivs License,/scratch/data/coco/coco-2017/train/data/000000176085.jpg
176873,000000176873_MEG_size.jpg,Attribution-ShareAlike License,/scratch/data/coco/coco-2017/train/data/000000176873.jpg
178031,000000178031_MEG_size.jpg,Attribution-NonCommercial-NoDerivs License,/scratch/data/coco/coco-2017/train/data/000000178031.jpg
180609,000000180609_MEG_size.jpg,Attribution-NonCommercial-NoDerivs License,/scratch/data/coco/coco-2017/train/data/000000180609.jpg
181837,000000181837_MEG_size.jpg,Attribution-NonCommercial-NoDerivs License,/scratch/data/coco/coco-2017/train/data/000000181837.jpg
188660,000000188660_MEG_size.jpg,Attribution-NonCommercial-ShareAlike License,/scratch/data/coco/coco-2017/train/data/000000188660.jpg
189794,000000189794_MEG_size.jpg,Attribution-NonCommercial License,/scratch/data/coco/coco-2017/train/data/000000189794.jpg
190271,000000190271_MEG_size.jpg,Attribution License,/scratch/data/coco/coco-2017/train/data/000000190271.jpg
191686,000000191686_MEG_size.jpg,Attribution-NonCommercial License,/scratch/data/coco/coco-2017/train/data/000000191686.jpg
191740,000000191740_MEG_size.jpg,Attribution-NonCommercial-NoDerivs License,/scratch/data/coco/coco-2017/train/data/000000191740.jpg
192576,000000192576_MEG_size.jpg,Attribution-NonCommercial-ShareAlike License,/scratch/data/coco/coco-2017/train/data/000000192576.jpg
193318,000000193318_MEG_size.jpg,Attribution-NonCommercial-NoDerivs License,/scratch/data/coco/coco-2017/train/data/000000193318.jpg
193373,000000193373_MEG_size.jpg,Attribution License,/scratch/data/coco/coco-2017/train/data/000000193373.jpg
194054,000000194054_MEG_size.jpg,Attribution-NonCommercial-ShareAlike License,/scratch/data/coco/coco-2017/train/data/000000194054.jpg
194108,000000194108_MEG_size.jpg,Attribution-NoDerivs License,/scratch/data/coco/coco-2017/train/data/000000194108.jpg
195650,000000195650_MEG_size.jpg,Attribution-NonCommercial-NoDerivs License,/scratch/data/coco/coco-2017/train/data/000000195650.jpg
197118,000000197118_MEG_size.jpg,Attribution License,/scratch/data/coco/coco-2017/train/data/000000197118.jpg
198195,000000198195_MEG_size.jpg,Attribution-NonCommercial-ShareAlike License,/scratch/data/coco/coco-2017/train/data/000000198195.jpg
198319,000000198319_MEG_size.jpg,Attribution-NonCommercial-ShareAlike License,/scratch/data/coco/coco-2017/train/data/000000198319.jpg
201722,000000201722_MEG_size.jpg,Attribution License,/scratch/data/coco/coco-2017/train/data/000000201722.jpg
202050,000000202050_MEG_size.jpg,Attribution-ShareAlike License,/scratch/data/coco/coco-2017/train/data/000000202050.jpg
202805,000000202805_MEG_size.jpg,Attribution-NonCommercial-NoDerivs License,/scratch/data/coco/coco-2017/train/data/000000202805.jpg
203615,000000203615_MEG_size.jpg,Attribution-NonCommercial-NoDerivs License,/scratch/data/coco/coco-2017/train/data/000000203615.jpg
204806,000000204806_MEG_size.jpg,Attribution License,/scratch/data/coco/coco-2017/train/data/000000204806.jpg
204969,000000204969_MEG_size.jpg,Attribution-NonCommercial-NoDerivs License,/scratch/data/coco/coco-2017/train/data/000000204969.jpg
207833,000000207833_MEG_size.jpg,Attribution-NonCommercial-NoDerivs License,/scratch/data/coco/coco-2017/train/data/000000207833.jpg
208849,000000208849_MEG_size.jpg,Attribution-NoDerivs License,/scratch/data/coco/coco-2017/train/data/000000208849.jpg
209919,000000209919_MEG_size.jpg,Attribution-NonCommercial License,/scratch/data/coco/coco-2017/train/data/000000209919.jpg
210065,000000210065_MEG_size.jpg,Attribution License,/scratch/data/coco/coco-2017/train/data/000000210065.jpg
211198,000000211198_MEG_size.jpg,Attribution-NonCommercial License,/scratch/data/coco/coco-2017/train/data/000000211198.jpg
212229,000000212229_MEG_size.jpg,Attribution-NonCommercial-ShareAlike License,/scratch/data/coco/coco-2017/train/data/000000212229.jpg
212440,000000212440_MEG_size.jpg,Attribution-NonCommercial-ShareAlike License,/scratch/data/coco/coco-2017/train/data/000000212440.jpg
213288,000000213288_MEG_size.jpg,Attribution License,/scratch/data/coco/coco-2017/train/data/000000213288.jpg
213988,000000213988_MEG_size.jpg,Attribution-NonCommercial-NoDerivs License,/scratch/data/coco/coco-2017/train/data/000000213988.jpg
216378,000000216378_MEG_size.jpg,Attribution-NonCommercial License,/scratch/data/coco/coco-2017/train/data/000000216378.jpg
219750,000000219750_MEG_size.jpg,Attribution License,/scratch/data/coco/coco-2017/train/data/000000219750.jpg
221441,000000221441_MEG_size.jpg,Attribution-NonCommercial License,/scratch/data/coco/coco-2017/train/data/000000221441.jpg
225533,000000225533_MEG_size.jpg,Attribution-NoDerivs License,/scratch/data/coco/coco-2017/train/data/000000225533.jpg
225750,000000225750_MEG_size.jpg,Attribution-NonCommercial-ShareAlike License,/scratch/data/coco/coco-2017/train/data/000000225750.jpg
228133,000000228133_MEG_size.jpg,Attribution-NonCommercial-ShareAlike License,/scratch/data/coco/coco-2017/train/data/000000228133.jpg
228316,000000228316_MEG_size.jpg,Attribution-NonCommercial-ShareAlike License,/scratch/data/coco/coco-2017/train/data/000000228316.jpg
229947,000000229947_MEG_size.jpg,Attribution-ShareAlike License,/scratch/data/coco/coco-2017/train/data/000000229947.jpg
230422,000000230422_MEG_size.jpg,Attribution License,/scratch/data/coco/coco-2017/train/data/000000230422.jpg
231851,000000231851_MEG_size.jpg,Attribution License,/scratch/data/coco/coco-2017/train/data/000000231851.jpg
233104,000000233104_MEG_size.jpg,Attribution License,/scratch/data/coco/coco-2017/train/data/000000233104.jpg
233873,000000233873_MEG_size.jpg,Attribution-ShareAlike License,/scratch/data/coco/coco-2017/train/data/000000233873.jpg
238001,000000238001_MEG_size.jpg,Attribution-NonCommercial-NoDerivs License,/scratch/data/coco/coco-2017/train/data/000000238001.jpg
239337,000000239337_MEG_size.jpg,Attribution-NonCommercial-ShareAlike License,/scratch/data/coco/coco-2017/train/data/000000239337.jpg
240278,000000240278_MEG_size.jpg,Attribution-NonCommercial-ShareAlike License,/scratch/data/coco/coco-2017/train/data/000000240278.jpg
241026,000000241026_MEG_size.jpg,Attribution-NonCommercial-NoDerivs License,/scratch/data/coco/coco-2017/train/data/000000241026.jpg
243839,000000243839_MEG_size.jpg,Attribution-NonCommercial-NoDerivs License,/scratch/data/coco/coco-2017/train/data/000000243839.jpg
246453,000000246453_MEG_size.jpg,Attribution-NonCommercial-ShareAlike License,/scratch/data/coco/coco-2017/train/data/000000246453.jpg
251084,000000251084_MEG_size.jpg,Attribution-NonCommercial-ShareAlike License,/scratch/data/coco/coco-2017/train/data/000000251084.jpg
252160,000000252160_MEG_size.jpg,Attribution License,/scratch/data/coco/coco-2017/train/data/000000252160.jpg
262145,000000262145_MEG_size.jpg,Attribution-NonCommercial License,/scratch/data/coco/coco-2017/train/data/000000262145.jpg
262239,000000262239_MEG_size.jpg,Attribution License,/scratch/data/coco/coco-2017/train/data/000000262239.jpg
262690,000000262690_MEG_size.jpg,Attribution License,/scratch/data/coco/coco-2017/train/data/000000262690.jpg
263276,000000263276_MEG_size.jpg,Attribution-NonCommercial License,/scratch/data/coco/coco-2017/train/data/000000263276.jpg
264735,000000264735_MEG_size.jpg,Attribution-NonCommercial-NoDerivs License,/scratch/data/coco/coco-2017/train/data/000000264735.jpg
265745,000000265745_MEG_size.jpg,Attribution-NonCommercial-NoDerivs License,/scratch/data/coco/coco-2017/train/data/000000265745.jpg
266622,000000266622_MEG_size.jpg,Attribution-NoDerivs License,/scratch/data/coco/coco-2017/train/data/000000266622.jpg
267647,000000267647_MEG_size.jpg,Attribution License,/scratch/data/coco/coco-2017/train/data/000000267647.jpg
268659,000000268659_MEG_size.jpg,Attribution-NonCommercial-ShareAlike License,/scratch/data/coco/coco-2017/train/data/000000268659.jpg
270278,000000270278_MEG_size.jpg,Attribution-NonCommercial-ShareAlike License,/scratch/data/coco/coco-2017/train/data/000000270278.jpg
270325,000000270325_MEG_size.jpg,Attribution-NonCommercial-ShareAlike License,/scratch/data/coco/coco-2017/train/data/000000270325.jpg
273147,000000273147_MEG_size.jpg,Attribution-NonCommercial License,/scratch/data/coco/coco-2017/train/data/000000273147.jpg
275902,000000275902_MEG_size.jpg,Attribution-NonCommercial-ShareAlike License,/scratch/data/coco/coco-2017/train/data/000000275902.jpg
276664,000000276664_MEG_size.jpg,Attribution-NonCommercial License,/scratch/data/coco/coco-2017/train/data/000000276664.jpg
277778,000000277778_MEG_size.jpg,Attribution-NonCommercial-ShareAlike License,/scratch/data/coco/coco-2017/train/data/000000277778.jpg
278714,000000278714_MEG_size.jpg,Attribution-NonCommercial-NoDerivs License,/scratch/data/coco/coco-2017/train/data/000000278714.jpg
278962,000000278962_MEG_size.jpg,Attribution-NonCommercial-NoDerivs License,/scratch/data/coco/coco-2017/train/data/000000278962.jpg
279197,000000279197_MEG_size.jpg,Attribution-NonCommercial-NoDerivs License,/scratch/data/coco/coco-2017/train/data/000000279197.jpg
281330,000000281330_MEG_size.jpg,Attribution-NonCommercial-ShareAlike License,/scratch/data/coco/coco-2017/train/data/000000281330.jpg
282032,000000282032_MEG_size.jpg,Attribution-ShareAlike License,/scratch/data/coco/coco-2017/train/data/000000282032.jpg
284089,000000284089_MEG_size.jpg,Attribution-NonCommercial-ShareAlike License,/scratch/data/coco/coco-2017/train/data/000000284089.jpg
284987,000000284987_MEG_size.jpg,Attribution-NonCommercial-NoDerivs License,/scratch/data/coco/coco-2017/train/data/000000284987.jpg
288751,000000288751_MEG_size.jpg,Attribution-NonCommercial-ShareAlike License,/scratch/data/coco/coco-2017/train/data/000000288751.jpg
290192,000000290192_MEG_size.jpg,Attribution License,/scratch/data/coco/coco-2017/train/data/000000290192.jpg
291560,000000291560_MEG_size.jpg,Attribution-NonCommercial-NoDerivs License,/scratch/data/coco/coco-2017/train/data/000000291560.jpg
293130,000000293130_MEG_size.jpg,Attribution License,/scratch/data/coco/coco-2017/train/data/000000293130.jpg
293368,000000293368_MEG_size.jpg,Attribution-NonCommercial-NoDerivs License,/scratch/data/coco/coco-2017/train/data/000000293368.jpg
298170,000000298170_MEG_size.jpg,Attribution-NonCommercial-NoDerivs License,/scratch/data/coco/coco-2017/train/data/000000298170.jpg
306988,000000306988_MEG_size.jpg,Attribution-NonCommercial License,/scratch/data/coco/coco-2017/train/data/000000306988.jpg
308950,000000308950_MEG_size.jpg,Attribution-NonCommercial License,/scratch/data/coco/coco-2017/train/data/000000308950.jpg
311232,000000311232_MEG_size.jpg,Attribution-NonCommercial-ShareAlike License,/scratch/data/coco/coco-2017/train/data/000000311232.jpg
313480,000000313480_MEG_size.jpg,Attribution-NonCommercial-NoDerivs License,/scratch/data/coco/coco-2017/train/data/000000313480.jpg
317781,000000317781_MEG_size.jpg,Attribution License,/scratch/data/coco/coco-2017/train/data/000000317781.jpg
319517,000000319517_MEG_size.jpg,Attribution-NonCommercial-NoDerivs License,/scratch/data/coco/coco-2017/train/data/000000319517.jpg
323182,000000323182_MEG_size.jpg,Attribution-NonCommercial License,/scratch/data/coco/coco-2017/train/data/000000323182.jpg
323397,000000323397_MEG_size.jpg,Attribution-NonCommercial-NoDerivs License,/scratch/data/coco/coco-2017/train/data/000000323397.jpg
329641,000000329641_MEG_size.jpg,Attribution License,/scratch/data/coco/coco-2017/train/data/000000329641.jpg
330084,000000330084_MEG_size.jpg,Attribution-NonCommercial-NoDerivs License,/scratch/data/coco/coco-2017/train/data/000000330084.jpg
332448,000000332448_MEG_size.jpg,Attribution-NonCommercial License,/scratch/data/coco/coco-2017/train/data/000000332448.jpg
332498,000000332498_MEG_size.jpg,Attribution-NonCommercial-ShareAlike License,/scratch/data/coco/coco-2017/train/data/000000332498.jpg
332692,000000332692_MEG_size.jpg,Attribution-NonCommercial-NoDerivs License,/scratch/data/coco/coco-2017/train/data/000000332692.jpg
333152,000000333152_MEG_size.jpg,Attribution-NonCommercial License,/scratch/data/coco/coco-2017/train/data/000000333152.jpg
333654,000000333654_MEG_size.jpg,Attribution-NonCommercial-NoDerivs License,/scratch/data/coco/coco-2017/train/data/000000333654.jpg
334011,000000334011_MEG_size.jpg,Attribution License,/scratch/data/coco/coco-2017/train/data/000000334011.jpg
334208,000000334208_MEG_size.jpg,Attribution-NonCommercial License,/scratch/data/coco/coco-2017/train/data/000000334208.jpg
335688,000000335688_MEG_size.jpg,Attribution-NonCommercial License,/scratch/data/coco/coco-2017/train/data/000000335688.jpg
336374,000000336374_MEG_size.jpg,Attribution-NonCommercial-NoDerivs License,/scratch/data/coco/coco-2017/train/data/000000336374.jpg
337479,000000337479_MEG_size.jpg,Attribution-NonCommercial-ShareAlike License,/scratch/data/coco/coco-2017/train/data/000000337479.jpg
338169,000000338169_MEG_size.jpg,Attribution-NonCommercial-NoDerivs License,/scratch/data/coco/coco-2017/train/data/000000338169.jpg
338670,000000338670_MEG_size.jpg,Attribution-NonCommercial-NoDerivs License,/scratch/data/coco/coco-2017/train/data/000000338670.jpg
340734,000000340734_MEG_size.jpg,Attribution-ShareAlike License,/scratch/data/coco/coco-2017/train/data/000000340734.jpg
345149,000000345149_MEG_size.jpg,Attribution-NonCommercial License,/scratch/data/coco/coco-2017/train/data/000000345149.jpg
345725,000000345725_MEG_size.jpg,Attribution-NonCommercial-NoDerivs License,/scratch/data/coco/coco-2017/train/data/000000345725.jpg
346583,000000346583_MEG_size.jpg,Attribution-NonCommercial License,/scratch/data/coco/coco-2017/train/data/000000346583.jpg
348204,000000348204_MEG_size.jpg,Attribution-NonCommercial-ShareAlike License,/scratch/data/coco/coco-2017/train/data/000000348204.jpg
349363,000000349363_MEG_size.jpg,Attribution-NonCommercial-NoDerivs License,/scratch/data/coco/coco-2017/train/data/000000349363.jpg
350299,000000350299_MEG_size.jpg,Attribution-ShareAlike License,/scratch/data/coco/coco-2017/train/data/000000350299.jpg
352129,000000352129_MEG_size.jpg,Attribution-NonCommercial-ShareAlike License,/scratch/data/coco/coco-2017/train/data/000000352129.jpg
352724,000000352724_MEG_size.jpg,Attribution License,/scratch/data/coco/coco-2017/train/data/000000352724.jpg
352861,000000352861_MEG_size.jpg,Attribution License,/scratch/data/coco/coco-2017/train/data/000000352861.jpg
354045,000000354045_MEG_size.jpg,Attribution License,/scratch/data/coco/coco-2017/train/data/000000354045.jpg
355622,000000355622_MEG_size.jpg,Attribution-NoDerivs License,/scratch/data/coco/coco-2017/train/data/000000355622.jpg
357074,000000357074_MEG_size.jpg,Attribution-NonCommercial-NoDerivs License,/scratch/data/coco/coco-2017/train/data/000000357074.jpg
359085,000000359085_MEG_size.jpg,Attribution-NoDerivs License,/scratch/data/coco/coco-2017/train/data/000000359085.jpg
359337,000000359337_MEG_size.jpg,Attribution-NoDerivs License,/scratch/data/coco/coco-2017/train/data/000000359337.jpg
359687,000000359687_MEG_size.jpg,Attribution-NonCommercial License,/scratch/data/coco/coco-2017/train/data/000000359687.jpg
361197,000000361197_MEG_size.jpg,Attribution-NonCommercial-NoDerivs License,/scratch/data/coco/coco-2017/train/data/000000361197.jpg
361648,000000361648_MEG_size.jpg,Attribution License,/scratch/data/coco/coco-2017/train/data/000000361648.jpg
364806,000000364806_MEG_size.jpg,Attribution-NonCommercial License,/scratch/data/coco/coco-2017/train/data/000000364806.jpg
365003,000000365003_MEG_size.jpg,Attribution-NonCommercial-ShareAlike License,/scratch/data/coco/coco-2017/train/data/000000365003.jpg
365218,000000365218_MEG_size.jpg,Attribution-NonCommercial-ShareAlike License,/scratch/data/coco/coco-2017/train/data/000000365218.jpg
366146,000000366146_MEG_size.jpg,Attribution-ShareAlike License,/scratch/data/coco/coco-2017/train/data/000000366146.jpg
366802,000000366802_MEG_size.jpg,Attribution-NonCommercial License,/scratch/data/coco/coco-2017/train/data/000000366802.jpg
368852,000000368852_MEG_size.jpg,Attribution-NonCommercial-NoDerivs License,/scratch/data/coco/coco-2017/train/data/000000368852.jpg
369230,000000369230_MEG_size.jpg,Attribution-NonCommercial-ShareAlike License,/scratch/data/coco/coco-2017/train/data/000000369230.jpg
369253,000000369253_MEG_size.jpg,Attribution-ShareAlike License,/scratch/data/coco/coco-2017/train/data/000000369253.jpg
369367,000000369367_MEG_size.jpg,Attribution-NonCommercial License,/scratch/data/coco/coco-2017/train/data/000000369367.jpg
370369,000000370369_MEG_size.jpg,Attribution-NonCommercial-NoDerivs License,/scratch/data/coco/coco-2017/train/data/000000370369.jpg
372775,000000372775_MEG_size.jpg,Attribution-NonCommercial-NoDerivs License,/scratch/data/coco/coco-2017/train/data/000000372775.jpg
372959,000000372959_MEG_size.jpg,Attribution License,/scratch/data/coco/coco-2017/train/data/000000372959.jpg
373679,000000373679_MEG_size.jpg,Attribution-NonCommercial-NoDerivs License,/scratch/data/coco/coco-2017/train/data/000000373679.jpg
373970,000000373970_MEG_size.jpg,Attribution License,/scratch/data/coco/coco-2017/train/data/000000373970.jpg
376407,000000376407_MEG_size.jpg,Attribution-NonCommercial-ShareAlike License,/scratch/data/coco/coco-2017/train/data/000000376407.jpg
376643,000000376643_MEG_size.jpg,Attribution-NonCommercial-ShareAlike License,/scratch/data/coco/coco-2017/train/data/000000376643.jpg
376858,000000376858_MEG_size.jpg,Attribution-NonCommercial-ShareAlike License,/scratch/data/coco/coco-2017/train/data/000000376858.jpg
377576,000000377576_MEG_size.jpg,Attribution-NonCommercial-NoDerivs License,/scratch/data/coco/coco-2017/train/data/000000377576.jpg
380729,000000380729_MEG_size.jpg,Attribution-NonCommercial License,/scratch/data/coco/coco-2017/train/data/000000380729.jpg
380989,000000380989_MEG_size.jpg,Attribution-NonCommercial-NoDerivs License,/scratch/data/coco/coco-2017/train/data/000000380989.jpg
381961,000000381961_MEG_size.jpg,Attribution License,/scratch/data/coco/coco-2017/train/data/000000381961.jpg
382890,000000382890_MEG_size.jpg,Attribution-ShareAlike License,/scratch/data/coco/coco-2017/train/data/000000382890.jpg
383652,000000383652_MEG_size.jpg,Attribution-NonCommercial-NoDerivs License,/scratch/data/coco/coco-2017/train/data/000000383652.jpg
385864,000000385864_MEG_size.jpg,Attribution-NonCommercial License,/scratch/data/coco/coco-2017/train/data/000000385864.jpg
388853,000000388853_MEG_size.jpg,Attribution-NonCommercial-ShareAlike License,/scratch/data/coco/coco-2017/train/data/000000388853.jpg
392556,000000392556_MEG_size.jpg,Attribution License,/scratch/data/coco/coco-2017/train/data/000000392556.jpg
392851,000000392851_MEG_size.jpg,Attribution-NonCommercial-ShareAlike License,/scratch/data/coco/coco-2017/train/data/000000392851.jpg
393907,000000393907_MEG_size.jpg,Attribution-NonCommercial-ShareAlike License,/scratch/data/coco/coco-2017/train/data/000000393907.jpg
394008,000000394008_MEG_size.jpg,Attribution-NonCommercial License,/scratch/data/coco/coco-2017/train/data/000000394008.jpg
395740,000000395740_MEG_size.jpg,Attribution License,/scratch/data/coco/coco-2017/train/data/000000395740.jpg
395758,000000395758_MEG_size.jpg,Attribution License,/scratch/data/coco/coco-2017/train/data/000000395758.jpg
395775,000000395775_MEG_size.jpg,Attribution-NonCommercial-ShareAlike License,/scratch/data/coco/coco-2017/train/data/000000395775.jpg
396550,000000396550_MEG_size.jpg,Attribution-NonCommercial-ShareAlike License,/scratch/data/coco/coco-2017/train/data/000000396550.jpg
397192,000000397192_MEG_size.jpg,Attribution-NonCommercial-NoDerivs License,/scratch/data/coco/coco-2017/train/data/000000397192.jpg
398540,000000398540_MEG_size.jpg,Attribution-NonCommercial-NoDerivs License,/scratch/data/coco/coco-2017/train/data/000000398540.jpg
399162,000000399162_MEG_size.jpg,Attribution-NonCommercial-NoDerivs License,/scratch/data/coco/coco-2017/train/data/000000399162.jpg
399878,000000399878_MEG_size.jpg,Attribution-NonCommercial-ShareAlike License,/scratch/data/coco/coco-2017/train/data/000000399878.jpg
399984,000000399984_MEG_size.jpg,Attribution-NonCommercial-NoDerivs License,/scratch/data/coco/coco-2017/train/data/000000399984.jpg
400581,000000400581_MEG_size.jpg,Attribution-NonCommercial License,/scratch/data/coco/coco-2017/train/data/000000400581.jpg
401699,000000401699_MEG_size.jpg,Attribution-NonCommercial-NoDerivs License,/scratch/data/coco/coco-2017/train/data/000000401699.jpg
401720,000000401720_MEG_size.jpg,Attribution-NonCommercial-NoDerivs License,/scratch/data/coco/coco-2017/train/data/000000401720.jpg
402057,000000402057_MEG_size.jpg,Attribution-ShareAlike License,/scratch/data/coco/coco-2017/train/data/000000402057.jpg
403184,000000403184_MEG_size.jpg,Attribution-NonCommercial-NoDerivs License,/scratch/data/coco/coco-2017/train/data/000000403184.jpg
403739,000000403739_MEG_size.jpg,Attribution-NonCommercial License,/scratch/data/coco/coco-2017/train/data/000000403739.jpg
403789,000000403789_MEG_size.jpg,Attribution-NonCommercial-NoDerivs License,/scratch/data/coco/coco-2017/train/data/000000403789.jpg
404007,000000404007_MEG_size.jpg,Attribution-NonCommercial License,/scratch/data/coco/coco-2017/train/data/000000404007.jpg
404282,000000404282_MEG_size.jpg,Attribution-NonCommercial-NoDerivs License,/scratch/data/coco/coco-2017/train/data/000000404282.jpg
404823,000000404823_MEG_size.jpg,Attribution-NonCommercial-NoDerivs License,/scratch/data/coco/coco-2017/train/data/000000404823.jpg
405215,000000405215_MEG_size.jpg,Attribution-NonCommercial-ShareAlike License,/scratch/data/coco/coco-2017/train/data/000000405215.jpg
405437,000000405437_MEG_size.jpg,Attribution-NonCommercial-NoDerivs License,/scratch/data/coco/coco-2017/train/data/000000405437.jpg
406292,000000406292_MEG_size.jpg,Attribution-NonCommercial-NoDerivs License,/scratch/data/coco/coco-2017/train/data/000000406292.jpg
406595,000000406595_MEG_size.jpg,Attribution-NonCommercial License,/scratch/data/coco/coco-2017/train/data/000000406595.jpg
408922,000000408922_MEG_size.jpg,Attribution-NonCommercial-NoDerivs License,/scratch/data/coco/coco-2017/train/data/000000408922.jpg
408965,000000408965_MEG_size.jpg,Attribution-ShareAlike License,/scratch/data/coco/coco-2017/train/data/000000408965.jpg
412855,000000412855_MEG_size.jpg,Attribution-NonCommercial-NoDerivs License,/scratch/data/coco/coco-2017/train/data/000000412855.jpg
412922,000000412922_MEG_size.jpg,Attribution-NonCommercial-ShareAlike License,/scratch/data/coco/coco-2017/train/data/000000412922.jpg
414176,000000414176_MEG_size.jpg,Attribution-NonCommercial-NoDerivs License,/scratch/data/coco/coco-2017/train/data/000000414176.jpg
414853,000000414853_MEG_size.jpg,Attribution-NonCommercial-ShareAlike License,/scratch/data/coco/coco-2017/train/data/000000414853.jpg
415026,000000415026_MEG_size.jpg,Attribution License,/scratch/data/coco/coco-2017/train/data/000000415026.jpg
415608,000000415608_MEG_size.jpg,Attribution-ShareAlike License,/scratch/data/coco/coco-2017/train/data/000000415608.jpg
416279,000000416279_MEG_size.jpg,Attribution-NonCommercial License,/scratch/data/coco/coco-2017/train/data/000000416279.jpg
418115,000000418115_MEG_size.jpg,Attribution-NonCommercial-NoDerivs License,/scratch/data/coco/coco-2017/train/data/000000418115.jpg
419586,000000419586_MEG_size.jpg,Attribution License,/scratch/data/coco/coco-2017/train/data/000000419586.jpg
420713,000000420713_MEG_size.jpg,Attribution-NonCommercial License,/scratch/data/coco/coco-2017/train/data/000000420713.jpg
422268,000000422268_MEG_size.jpg,Attribution-NonCommercial-NoDerivs License,/scratch/data/coco/coco-2017/train/data/000000422268.jpg
423222,000000423222_MEG_size.jpg,Attribution-NonCommercial License,/scratch/data/coco/coco-2017/train/data/000000423222.jpg
423488,000000423488_MEG_size.jpg,Attribution License,/scratch/data/coco/coco-2017/train/data/000000423488.jpg
424110,000000424110_MEG_size.jpg,Attribution-ShareAlike License,/scratch/data/coco/coco-2017/train/data/000000424110.jpg
424138,000000424138_MEG_size.jpg,Attribution-NonCommercial-NoDerivs License,/scratch/data/coco/coco-2017/train/data/000000424138.jpg
425135,000000425135_MEG_size.jpg,Attribution-NonCommercial-NoDerivs License,/scratch/data/coco/coco-2017/train/data/000000425135.jpg
425712,000000425712_MEG_size.jpg,Attribution-NonCommercial-ShareAlike License,/scratch/data/coco/coco-2017/train/data/000000425712.jpg
427729,000000427729_MEG_size.jpg,Attribution License,/scratch/data/coco/coco-2017/train/data/000000427729.jpg
428691,000000428691_MEG_size.jpg,Attribution License,/scratch/data/coco/coco-2017/train/data/000000428691.jpg
428726,000000428726_MEG_size.jpg,Attribution-NonCommercial-NoDerivs License,/scratch/data/coco/coco-2017/train/data/000000428726.jpg
429887,000000429887_MEG_size.jpg,Attribution-NonCommercial-NoDerivs License,/scratch/data/coco/coco-2017/train/data/000000429887.jpg
429902,000000429902_MEG_size.jpg,Attribution-NonCommercial-ShareAlike License,/scratch/data/coco/coco-2017/train/data/000000429902.jpg
430850,000000430850_MEG_size.jpg,Attribution-NoDerivs License,/scratch/data/coco/coco-2017/train/data/000000430850.jpg
431764,000000431764_MEG_size.jpg,Attribution-NonCommercial-NoDerivs License,/scratch/data/coco/coco-2017/train/data/000000431764.jpg
433021,000000433021_MEG_size.jpg,Attribution-NonCommercial-ShareAlike License,/scratch/data/coco/coco-2017/train/data/000000433021.jpg
433657,000000433657_MEG_size.jpg,Attribution License,/scratch/data/coco/coco-2017/train/data/000000433657.jpg
434069,000000434069_MEG_size.jpg,Attribution License,/scratch/data/coco/coco-2017/train/data/000000434069.jpg
436578,000000436578_MEG_size.jpg,Attribution-NonCommercial-ShareAlike License,/scratch/data/coco/coco-2017/train/data/000000436578.jpg
437516,000000437516_MEG_size.jpg,Attribution-NonCommercial License,/scratch/data/coco/coco-2017/train/data/000000437516.jpg
437967,000000437967_MEG_size.jpg,Attribution-NonCommercial-NoDerivs License,/scratch/data/coco/coco-2017/train/data/000000437967.jpg
438751,000000438751_MEG_size.jpg,Attribution-NonCommercial License,/scratch/data/coco/coco-2017/train/data/000000438751.jpg
440334,000000440334_MEG_size.jpg,Attribution-NonCommercial License,/scratch/data/coco/coco-2017/train/data/000000440334.jpg
440792,000000440792_MEG_size.jpg,Attribution-NonCommercial License,/scratch/data/coco/coco-2017/train/data/000000440792.jpg
441172,000000441172_MEG_size.jpg,Attribution-NonCommercial-NoDerivs License,/scratch/data/coco/coco-2017/train/data/000000441172.jpg
442489,000000442489_MEG_size.jpg,Attribution-NonCommercial-NoDerivs License,/scratch/data/coco/coco-2017/train/data/000000442489.jpg
443377,000000443377_MEG_size.jpg,Attribution-NonCommercial License,/scratch/data/coco/coco-2017/train/data/000000443377.jpg
443575,000000443575_MEG_size.jpg,Attribution-ShareAlike License,/scratch/data/coco/coco-2017/train/data/000000443575.jpg
443940,000000443940_MEG_size.jpg,Attribution-NonCommercial-ShareAlike License,/scratch/data/coco/coco-2017/train/data/000000443940.jpg
444880,000000444880_MEG_size.jpg,Attribution License,/scratch/data/coco/coco-2017/train/data/000000444880.jpg
445351,000000445351_MEG_size.jpg,Attribution-NonCommercial-ShareAlike License,/scratch/data/coco/coco-2017/train/data/000000445351.jpg
447130,000000447130_MEG_size.jpg,Attribution-NonCommercial-NoDerivs License,/scratch/data/coco/coco-2017/train/data/000000447130.jpg
447182,000000447182_MEG_size.jpg,Attribution License,/scratch/data/coco/coco-2017/train/data/000000447182.jpg
450914,000000450914_MEG_size.jpg,Attribution-NonCommercial License,/scratch/data/coco/coco-2017/train/data/000000450914.jpg
454915,000000454915_MEG_size.jpg,Attribution License,/scratch/data/coco/coco-2017/train/data/000000454915.jpg
455657,000000455657_MEG_size.jpg,Attribution-NonCommercial-NoDerivs License,/scratch/data/coco/coco-2017/train/data/000000455657.jpg
455691,000000455691_MEG_size.jpg,Attribution-NonCommercial-NoDerivs License,/scratch/data/coco/coco-2017/train/data/000000455691.jpg
455799,000000455799_MEG_size.jpg,Attribution-NonCommercial-ShareAlike License,/scratch/data/coco/coco-2017/train/data/000000455799.jpg
458616,000000458616_MEG_size.jpg,Attribution-NonCommercial License,/scratch/data/coco/coco-2017/train/data/000000458616.jpg
460236,000000460236_MEG_size.jpg,Attribution-NonCommercial License,/scratch/data/coco/coco-2017/train/data/000000460236.jpg
464616,000000464616_MEG_size.jpg,Attribution-NonCommercial-NoDerivs License,/scratch/data/coco/coco-2017/train/data/000000464616.jpg
467646,000000467646_MEG_size.jpg,Attribution-NonCommercial-NoDerivs License,/scratch/data/coco/coco-2017/train/data/000000467646.jpg
468394,000000468394_MEG_size.jpg,Attribution-NonCommercial-NoDerivs License,/scratch/data/coco/coco-2017/train/data/000000468394.jpg
469445,000000469445_MEG_size.jpg,Attribution-NonCommercial-NoDerivs License,/scratch/data/coco/coco-2017/train/data/000000469445.jpg
471871,000000471871_MEG_size.jpg,Attribution-NoDerivs License,/scratch/data/coco/coco-2017/train/data/000000471871.jpg
488406,000000488406_MEG_size.jpg,Attribution-NonCommercial-ShareAlike License,/scratch/data/coco/coco-2017/train/data/000000488406.jpg
488658,000000488658_MEG_size.jpg,Attribution-NonCommercial-ShareAlike License,/scratch/data/coco/coco-2017/train/data/000000488658.jpg
490875,000000490875_MEG_size.jpg,Attribution-NonCommercial-ShareAlike License,/scratch/data/coco/coco-2017/train/data/000000490875.jpg
491611,000000491611_MEG_size.jpg,Attribution-NonCommercial-NoDerivs License,/scratch/data/coco/coco-2017/train/data/000000491611.jpg
492037,000000492037_MEG_size.jpg,Attribution-NonCommercial-ShareAlike License,/scratch/data/coco/coco-2017/train/data/000000492037.jpg
495040,000000495040_MEG_size.jpg,Attribution License,/scratch/data/coco/coco-2017/train/data/000000495040.jpg
498615,000000498615_MEG_size.jpg,Attribution-NoDerivs License,/scratch/data/coco/coco-2017/train/data/000000498615.jpg
499627,000000499627_MEG_size.jpg,Attribution-NonCommercial License,/scratch/data/coco/coco-2017/train/data/000000499627.jpg
499730,000000499730_MEG_size.jpg,Attribution-NonCommercial-NoDerivs License,/scratch/data/coco/coco-2017/train/data/000000499730.jpg
501739,000000501739_MEG_size.jpg,Attribution License,/scratch/data/coco/coco-2017/train/data/000000501739.jpg
502470,000000502470_MEG_size.jpg,Attribution License,/scratch/data/coco/coco-2017/train/data/000000502470.jpg
504888,000000504888_MEG_size.jpg,Attribution-ShareAlike License,/scratch/data/coco/coco-2017/train/data/000000504888.jpg
505592,000000505592_MEG_size.jpg,Attribution-NonCommercial-ShareAlike License,/scratch/data/coco/coco-2017/train/data/000000505592.jpg
505661,000000505661_MEG_size.jpg,Attribution-NonCommercial-ShareAlike License,/scratch/data/coco/coco-2017/train/data/000000505661.jpg
509292,000000509292_MEG_size.jpg,Attribution License,/scratch/data/coco/coco-2017/train/data/000000509292.jpg
514563,000000514563_MEG_size.jpg,Attribution-NonCommercial-ShareAlike License,/scratch/data/coco/coco-2017/train/data/000000514563.jpg
514955,000000514955_MEG_size.jpg,Attribution License,/scratch/data/coco/coco-2017/train/data/000000514955.jpg
515296,000000515296_MEG_size.jpg,Attribution-NonCommercial-NoDerivs License,/scratch/data/coco/coco-2017/train/data/000000515296.jpg
517878,000000517878_MEG_size.jpg,Attribution-NoDerivs License,/scratch/data/coco/coco-2017/train/data/000000517878.jpg
525932,000000525932_MEG_size.jpg,Attribution-NonCommercial-ShareAlike License,/scratch/data/coco/coco-2017/train/data/000000525932.jpg
531392,000000531392_MEG_size.jpg,Attribution-NonCommercial-ShareAlike License,/scratch/data/coco/coco-2017/train/data/000000531392.jpg
535871,000000535871_MEG_size.jpg,Attribution-NonCommercial-NoDerivs License,/scratch/data/coco/coco-2017/train/data/000000535871.jpg
537393,000000537393_MEG_size.jpg,Attribution-NonCommercial-NoDerivs License,/scratch/data/coco/coco-2017/train/data/000000537393.jpg
539705,000000539705_MEG_size.jpg,Attribution-NonCommercial License,/scratch/data/coco/coco-2017/train/data/000000539705.jpg
540538,000000540538_MEG_size.jpg,Attribution-NonCommercial-ShareAlike License,/scratch/data/coco/coco-2017/train/data/000000540538.jpg
540735,000000540735_MEG_size.jpg,Attribution-NonCommercial-ShareAlike License,/scratch/data/coco/coco-2017/train/data/000000540735.jpg
541856,000000541856_MEG_size.jpg,Attribution-NonCommercial License,/scratch/data/coco/coco-2017/train/data/000000541856.jpg
542304,000000542304_MEG_size.jpg,Attribution License,/scratch/data/coco/coco-2017/train/data/000000542304.jpg
543254,000000543254_MEG_size.jpg,Attribution-NonCommercial-ShareAlike License,/scratch/data/coco/coco-2017/train/data/000000543254.jpg
546147,000000546147_MEG_size.jpg,Attribution-NonCommercial-ShareAlike License,/scratch/data/coco/coco-2017/train/data/000000546147.jpg
547367,000000547367_MEG_size.jpg,Attribution-NonCommercial License,/scratch/data/coco/coco-2017/train/data/000000547367.jpg
553586,000000553586_MEG_size.jpg,Attribution-NonCommercial-ShareAlike License,/scratch/data/coco/coco-2017/train/data/000000553586.jpg
557848,000000557848_MEG_size.jpg,Attribution-NonCommercial-NoDerivs License,/scratch/data/coco/coco-2017/train/data/000000557848.jpg
557886,000000557886_MEG_size.jpg,Attribution-ShareAlike License,/scratch/data/coco/coco-2017/train/data/000000557886.jpg
558822,000000558822_MEG_size.jpg,Attribution-NonCommercial-NoDerivs License,/scratch/data/coco/coco-2017/train/data/000000558822.jpg
559145,000000559145_MEG_size.jpg,Attribution-NonCommercial License,/scratch/data/coco/coco-2017/train/data/000000559145.jpg
559225,000000559225_MEG_size.jpg,Attribution License,/scratch/data/coco/coco-2017/train/data/000000559225.jpg
559816,000000559816_MEG_size.jpg,Attribution License,/scratch/data/coco/coco-2017/train/data/000000559816.jpg
559958,000000559958_MEG_size.jpg,Attribution-NonCommercial-NoDerivs License,/scratch/data/coco/coco-2017/train/data/000000559958.jpg
560054,000000560054_MEG_size.jpg,Attribution-NonCommercial-NoDerivs License,/scratch/data/coco/coco-2017/train/data/000000560054.jpg
560396,000000560396_MEG_size.jpg,Attribution License,/scratch/data/coco/coco-2017/train/data/000000560396.jpg
561006,000000561006_MEG_size.jpg,Attribution-NonCommercial-ShareAlike License,/scratch/data/coco/coco-2017/train/data/000000561006.jpg
564465,000000564465_MEG_size.jpg,Attribution-NonCommercial-NoDerivs License,/scratch/data/coco/coco-2017/train/data/000000564465.jpg
566201,000000566201_MEG_size.jpg,Attribution-NonCommercial-NoDerivs License,/scratch/data/coco/coco-2017/train/data/000000566201.jpg
566341,000000566341_MEG_size.jpg,Attribution-NonCommercial License,/scratch/data/coco/coco-2017/train/data/000000566341.jpg
570785,000000570785_MEG_size.jpg,Attribution-NonCommercial-NoDerivs License,/scratch/data/coco/coco-2017/train/data/000000570785.jpg
571499,000000571499_MEG_size.jpg,Attribution-NonCommercial-ShareAlike License,/scratch/data/coco/coco-2017/train/data/000000571499.jpg
573337,000000573337_MEG_size.jpg,Attribution-NonCommercial License,/scratch/data/coco/coco-2017/train/data/000000573337.jpg
574784,000000574784_MEG_size.jpg,Attribution-NonCommercial-NoDerivs License,/scratch/data/coco/coco-2017/train/data/000000574784.jpg
576749,000000576749_MEG_size.jpg,Attribution-NonCommercial License,/scratch/data/coco/coco-2017/train/data/000000576749.jpg
576789,000000576789_MEG_size.jpg,Attribution License,/scratch/data/coco/coco-2017/train/data/000000576789.jpg
577964,000000577964_MEG_size.jpg,Attribution-NonCommercial-NoDerivs License,/scratch/data/coco/coco-2017/train/data/000000577964.jpg
578169,000000578169_MEG_size.jpg,Attribution-NonCommercial-NoDerivs License,/scratch/data/coco/coco-2017/train/data/000000578169.jpg
580813,000000580813_MEG_size.jpg,Attribution-NonCommercial-NoDerivs License,/scratch/data/coco/coco-2017/train/data/000000580813.jpg